"class","order","family","genus","binomial","synonym"
"Dipnoi","LEPIDOSIRENIFORMES","PROTOPTERIDAE","Protopterus","Protopterus annectens",NA
"Actinopterygii","MORMYRIFORMES","MORMYRIDAE","Marcusenius","Marcusenius pongolensis","Marcusenius macrolepidotus"
"Actinopterygii","MORMYRIFORMES","MORMYRIDAE","Marcusenius","Marcusenius pongolensis","Gnathonemus pongolensis"
"Actinopterygii","MORMYRIFORMES","MORMYRIDAE","Petrocephalus","Petrocephalus wesselsi","Petrocephalus catostoma"
"Actinopterygii","MORMYRIFORMES","MORMYRIDAE","Petrocephalus","Petrocephalus wesselsi","Petrocephalus stuhlmanni"
"Actinopterygii","ANGUILLLIFORMES","ANGUILLIDAE","Anguilla","Anguilla mossambica","Anguilla capensis"
"Actinopterygii","ANGUILLLIFORMES","ANGUILLIDAE","Anguills","Anguills labiata","Anguilla bengalensis"
"Actinopterygii","ANGUILLLIFORMES","ANGUILLIDAE","Anguills","Anguills labiata","Anguills nebulosa"
"Actinopterygii","ANGUILLLIFORMES","ANGUILLIDAE","Anguilla","Anguilla marmorata","Anguilla bengalensis"
"Actinopterygii","CYPRINIFORMES","CYPRINIDAE","Mesobola","Mesobola brevianalis","Engraulicypris brevianalis"
"Actinopterygii","CYPRINIFORMES","CYPRINIDAE","Opsaridium","Opsaridium peringueyi","Opsaridium zambezense"
"Actinopterygii","CYPRINIFORMES","CYPRINIDAE","Opsaridium","Opsaridium peringueyi","Barilius zambezensis"
"Actinopterygii","CYPRINIFORMES","CYPRINIDAE","Enteromius","Enteromius annectens","Barbus annectens"
"Actinopterygii","CYPRINIFORMES","CYPRINIDAE","Enteromius","Enteromius unitaeniatus","Barbus unitaeniatus"
"Actinopterygii","CYPRINIFORMES","CYPRINIDAE","Enteromius","Enteromius unitaeniatus","Barbus labialis"
"Actinopterygii","CYPRINIFORMES","CYPRINIDAE","Enteromius","Enteromius viviparus","Barbus viviparus"
"Actinopterygii","CYPRINIFORMES","CYPRINIDAE","Enteromius","Enteromius toppini","Barbus toppini"
"Actinopterygii","CYPRINIFORMES","CYPRINIDAE","Enteromius","Enteromius toppini","Barbus umbeluziensis"
"Actinopterygii","CYPRINIFORMES","CYPRINIDAE","Enteromius","Enteromius radiatus","Barbus radiatus"
"Actinopterygii","CYPRINIFORMES","CYPRINIDAE","Enteromius","Enteromius radiatus","Barbus bierabarbus"
"Actinopterygii","CYPRINIFORMES","CYPRINIDAE","Enteromius","Enteromius trimaculatus","Barbus trimaculatus"
"Actinopterygii","CYPRINIFORMES","CYPRINIDAE","Enteromius","Enteromius eutaenia","Barbus eutaenia"
"Actinopterygii","CYPRINIFORMES","CYPRINIDAE","Enteromius","Enteromius eutaenia","Barbus kerstenii"
"Actinopterygii","CYPRINIFORMES","CYPRINIDAE","Enteromius","Enteromius argenteus","Barbus argenteus"
"Actinopterygii","CYPRINIFORMES","CYPRINIDAE","Enteromius","Enteromius argenteus","Barbus crocodilensis"
"Actinopterygii","CYPRINIFORMES","CYPRINIDAE","Enteromius","Enteromius paludinosus","Barbus paludinosus"
"Actinopterygii","CYPRINIFORMES","CYPRINIDAE","Enteromius","Enteromius paludinosus","Barbus longicauda"
"Actinopterygii","CYPRINIFORMES","CYPRINIDAE","Enteromius","Enteromius mattozi","Barbus mattozi"
"Actinopterygii","CYPRINIFORMES","CYPRINIDAE","Enteromius","Enteromius mattozi","Barbus rapax"
"Actinopterygii","CYPRINIFORMES","CYPRINIDAE","Enteromius","Enteromius afrohamiltoni","Barbus afrohamiltoni"
"Actinopterygii","CYPRINIFORMES","CYPRINIDAE","Enteromius","Enteromius afrohamiltoni","Barbus hamiltoni"
"Actinopterygii","CYPRINIFORMES","CYPRINIDAE","Labeobarbus","Labeobarbus maraquensis","Barbus marequensis"
"Actinopterygii","CYPRINIFORMES","CYPRINIDAE","Labeobarbus","Labeobarbus maraquensis","Barbus brucii"
"Actinopterygii","CYPRINIFORMES","CYPRINIDAE","Labeo","Labeo rosae","Labeo hamiltoni"
"Actinopterygii","CYPRINIFORMES","CYPRINIDAE","Labeo","Labeo ruddi","Labeo tenuirostris"
"Actinopterygii","CYPRINIFORMES","CYPRINIDAE","Labeo","Labeo congoro","Labeo rubropunctatus"
"Actinopterygii","CYPRINIFORMES","CYPRINIDAE","Labeo","Labeo cylindricus","Labeo parvulus"
"Actinopterygii","CYPRINIFORMES","CYPRINIDAE","Labeo","Labeo molybdinus",NA
"Actinopterygii","CYPRINIFORMES","CYPRINIDAE","Cyprinus","Cyprinus carpio",NA
"Actinopterygii","CYPRINIFORMES","CYPRINIDAE","Hypophthalmichthys","Hypophthalmichthys molitrix",NA
"Actinopterygii","CYPRINIFORMES","ALESTIDAE","Brycinus","Brycinus imberi","Alestes imberi"
"Actinopterygii","CYPRINIFORMES","ALESTIDAE","Micralestes","Micralestes acutidens","Micralestes humilis"
"Actinopterygii","CYPRINIFORMES","ALESTIDAE","Hydrocynus","Hydrocynus vittatus","Hydrocynus forskahlii"
"Actinopterygii","SILURIFORMES","AMPHILIIDAE","Amphilius","Amphilius uranoscopus","Amphilius platychir"
"Actinopterygii","SILURIFORMES","SCHILBEIDAE","Schilbe","Schilbe intermedius","Eutropius depressirostris"
"Actinopterygii","SILURIFORMES","CLARIIDAE","Clarias","Clarias gariepinus","Clarias capensis"
"Actinopterygii","SILURIFORMES","MOCHOKIDAE","Chiloglanis","Chiloglanis anoterus",NA
"Actinopterygii","SILURIFORMES","MOCHOKIDAE","Chiloglanis","Chiloglanis paratus",NA
"Actinopterygii","SILURIFORMES","MOCHOKIDAE","Chiloglanis","Chiloglanis pretoriae",NA
"Actinopterygii","SILURIFORMES","MOCHOKIDAE","Chiloglanis","Chiloglanis swierstrai","Chiloglanis engiops"
"Actinopterygii","SILURIFORMES","MOCHOKIDAE","Synodontis","Synodontis zambezensis",NA
"Actinopterygii","CYPRINODONTIFORMES","APLOCHEILIDAE","Nothobranchius","Nothobranchius orthonotus","Fundulus mkuziensis"
"Actinopterygii","CYPRINODONTIFORMES","APLOCHEILIDAE","Notobranchius","Notobranchius pienaari","Notobranchius rachovii"
"Actinopterygii","CYPRINODONTIFORMES","APLOCHEILIDAE","Notobranchius","Notobranchius pienaari","Notobranchius rachovii"
"Actinopterygii","CYPRINODONTIFORMES","POECILIIDAE","Micropanchax","Micropanchax johnstoni","Aplocheilichthys johnstoni"
"Actinopterygii","CYPRINODONTIFORMES","POECILIIDAE","Micropanchax","Micropanchax johnstoni","Aplocheilichthys chobensis"
"Actinopterygii","PERCIFORMES","CICHLIDAE","Pseudocrenilabrus","Pseudocrenilabrus philander","Hemihaplochromis philander"
"Actinopterygii","PERCIFORMES","CICHLIDAE","Chetia","Chetia brevis",NA
"Actinopterygii","PERCIFORMES","CICHLIDAE","Serranochromis","Serranochromis meridianus",NA
"Actinopterygii","PERCIFORMES","CICHLIDAE","Tilapia","Tilapia sparrmanii","Tilapia deschauenseei"
"Actinopterygii","PERCIFORMES","CICHLIDAE","Coptodon","Coptodon rendali","Tilapia rendalli"
"Actinopterygii","PERCIFORMES","CICHLIDAE","Coptodon","Coptodon rendali","Tilapia rendalli"
"Actinopterygii","PERCIFORMES","CICHLIDAE","Oreochromis","Oreochromis mossambicus","Sarotherodon mossambicus"
"Actinopterygii","PERCIFORMES","CICHLIDAE","Oreochromis","Oreochromis niloticus",NA
"Actinopterygii","PERCIFORMES","SPARIDAE","Acanthopagrus","Acanthopagrus berda",NA
"Actinopterygii","PERCIFORMES","GOBIIDAE","Awaous","Awaous aeneofuscus","Platygobius aeneofuscus"
"Actinopterygii","PERCIFORMES","GOBIIDAE","Glossogobius","Glossogobius callidus",NA
"Actinopterygii","PERCIFORMES","GOBIIDAE","Glossogobius","Glossogobius giuris","Gobius giuris"
"Chondrichthyes","SQUALIFORMES","CARCHARHINIDAE","Carcharhinus","Carcharhinus leucas","Carcharhinus zambezensis"
